Brand,Name,Image URL
Vilhelm Parfumerie,125Th & Bloom,https://www.metropoliten.rs/v2/wp-content/uploads/2021/08/Vilhelm-Parfumerie-125th-Bloom-EdP-100-ml-300x300.jpg
Vilhelm Parfumerie,125Th & Bloom,https://www.metropoliten.rs/v2/wp-content/uploads/2021/08/Vilhelm-Parfumerie-125-Th-Bloom-EdP-50-ml-300x300.jpg
Clive Christian,1872 Feminine,https://www.metropoliten.rs/v2/wp-content/uploads/2017/10/Clive-Christian-1872-Feminine-Perfume-Spray-50ml-300x300.jpg
Clive Christian,1872 Masculine,https://www.metropoliten.rs/v2/wp-content/uploads/2017/10/Clive-Christian-1872-Masculine-Perfume-Spray-50ml-300x300.jpg
D’Orsay,23:15 A L’abri Des Regards Scented Candle,https://www.metropoliten.rs/v2/wp-content/uploads/2022/11/22937-300x300.jpg
Diptyque,34 Boulevard Saint Germain EDP,https://www.metropoliten.rs/v2/wp-content/uploads/2018/08/Diptyque-34-edp-2018-75ml-300x300.jpg
Diptyque,34 BOULEVARD SAINT-GERMAIN EDT,https://www.metropoliten.rs/v2/wp-content/uploads/2021/07/DIPTYQUE-EDT-34-BLVD-ST-GERMAIN-100ml-300x300.jpg
Roja Parfums,51 Eau de Parfum Pour Femme,https://www.metropoliten.rs/v2/wp-content/uploads/2024/02/24554-300x300.jpg
Maison Francis Kurkdjian,724 Eau de Parfum,https://www.metropoliten.rs/v2/wp-content/uploads/2022/09/22684-1-300x300.jpg
L'Artisan Parfumeur,A Fleur De Peche EdP,https://www.metropoliten.rs/v2/wp-content/uploads/2024/05/24769_1-300x300.jpg
Maison Francis Kurkdjian,A La Rose Eau de Parfum,https://www.metropoliten.rs/v2/wp-content/uploads/2017/05/03374-300x300.jpg
Maison Francis Kurkdjian,A La Rose Eau de Parfum Refill,https://www.metropoliten.rs/v2/wp-content/uploads/2017/04/MFK-A-la-Rose-refill-300x300.jpg
